Video ID,Title,Channel,Published At,Views,Likes,Comments,Tags,Engagement Score,Cluster
yE560j3AK3A,RETRO - Title Teaser | Suriya | Karthik Subbaraj | Pooja Hegde | Santhosh Narayanan,2D Entertainment,2024-12-25 05:30:31+00:00,17724077,610896,14709,"['Suriya 44', 'Title Teaser', 'Suriya', 'Karthik Subbaraj', 'Pooja Hegde', 'Santhosh Narayanan', 'Suriya new movie', 'Suriya teaser', 'Karthik Subbaraj movie', 'Pooja Hegde Suriya', 'Santhosh Narayanan music', 'Tamil cinema', 'Tamil teaser', 'Kollywood', 'Suriya 2024', 'Suriya latest', 'Karthik Subbaraj direction', 'Suriya fans', 'Tamil movie teaser', 'Upcoming Tamil movies', 'Suriya Pooja Hegde', 'Tamil film industry', 'Suriya action movie', 'Suriya Karthik Subbaraj collaboration.']",25303937,0
k49PRtWiZwU,Sunn Mere Dil EP 25 [Eng Sub] Digitally Presented by LUX - Happilac Paints and Ujooba Beauty Cream,HAR PAL GEO,2024-12-26 16:00:07+00:00,3739306,75357,3106,"['geo dramas', 'latest pakistani drama', 'pakistani drama', 'har pal geo', 'pakistani drama ost', '‡§™‡§æ‡§ï‡§ø‡§∏‡•ç‡§§‡§æ‡§®‡•Ä ‡§∏‡•Ä‡§∞‡§ø‡§Ø‡§≤', '‡§™‡§æ‡§ï‡§ø‡§∏‡•ç‡§§‡§æ‡§®‡•Ä ‡§°‡•ç‡§∞‡§æ‡§Æ‡§æ', 'Wahaj Ali', 'Maya Ali', 'Usama Khan', 'Hira Mani', 'Amar Khan', 'Saba Hameed', 'Syed Mohammed Ahmed', 'Shahvir Kadwani', 'Sunn Mere Dil Ep 25', 'Sunn Mere Dil Ost', 'Sunn Mere Dil 25', 'wahaj ali new serial', 'Maya Ali new serial', 'sunn mere dil drama episode 25', 'sun mere dil', 'sun mere dil episode 25', 'Sunn Mere Dil', '26th December 2024', 'ED-SA-UL-SA-CC-SA-TH-SA', '#ep25']",4803476,1
NCthQyirLdI,"Anaganaga Oka Raju - Pre Wedding Video | Naveen Polishetty, Meenakshi Chaudhary | S Naga Vamsi",Sithara Entertainments,2024-12-26 07:04:41+00:00,2664393,107672,1303,['Sithara Entertainments'],3871413,1
escVDEc596Q,ROY'S CATERING | EPISODE 02 | #jismavimal #malayalamfunnyvines #malayalamcomedy,JISMA & VIMAL,2024-12-25 11:57:03+00:00,744130,31171,328,"['comedy', 'jsmavimal', 'malayalamcomedy', 'jismajiji', 'vimalkumar', 'vimal', 'fictioncomedy', 'fiction', 'comedyvideo', 'malayalammovie', 'aavesham', 'avesham', 'funnycontent', 'bestfriendscomedy', 'friendscomedy', 'theatreexperience', 'actioncomedy', 'malayalamcinema', 'southindiancinema', 'south movies', 'malayalam movie hits', 'favourites', 'actors', 'malayalam actors', 'moviebuffs', 'lovers', 'lovestory', 'cutelove', 'friendship', 'catering', 'cateringcomedy', 'cateringboys', 'keralacateringboys', 'events', 'birthdaycomedy', 'funnyvines', 'southindiancomedy', 'malayalammovies', 'vines', 'fun', 'laughter']",1088640,1
BQTcFmU7cbg,Bismil Last Episode | Digitally Presented by Vince Care | 26 Dec 2024 (Eng Sub) | ARY Digital,ARY Digital HD,2024-12-26 16:00:06+00:00,4391168,70924,9826,"['watch Bismil Last Episode 38', 'Watch Bismil Last Episode 38', 'watch Bismil Last Episode 38 26 December 2024', 'Pakistani drama Bismil', 'Bismil Pakistani drama serial', 'Bismil Last Episode 38 ARY Digital Drama', 'ARY Digital', 'Naumaan Ijaz New Drama 2024', 'Naumaan Ijaz', 'Hareem Farooq New Drama', 'Hareem Farooq new drama 2024', 'Pakistani drama 2024', 'Bismil drama 2024', 'Saad Qureshi', 'Asad Siddiqui', ""'‡§¨‡§ø‡§∏‡•ç‡§Æ‡§ø‡§≤'"", 'pakistani drama', 'ary drama', 'pakistani serial', 'ary', 'drama', 'watch drama']",6083008,1
aKzHcWTnZgE,Hilsha fish & Duck curry cooking for our Special Guest | ‡¶ú‡ßã‡ßú‡¶æ ‡¶á‡¶≤‡¶ø‡¶∂ ‡¶∏‡¶ô‡ßç‡¶ó‡ßá ‡¶∂‡ßÄ‡¶§‡ßá‡¶∞ ‡¶∏‡ßç‡¶™‡ßá‡¶∂‡¶æ‡¶≤ ‡¶π‡¶æ‡¶Å‡¶∏‡ßá‡¶∞ ‡¶Æ‡¶æ‡¶Ç‡¶∏,villfood,2024-12-26 09:10:49+00:00,566078,13189,538,"['hilsha fish recipe', 'duck curry', 'hilsha fish cooking', 'jora ilish vapa', 'ilish vapa', 'duck meat curry', 'winter special duck curry', 'villfood and popi kitchen', 'popi in villfood', 'village cooking', 'village recipes', 'winter special video', 'jora ilish recipe', 'hilsha fish curry', 'duck curry recipe bengali']",751768,1
Kf1ffhQejBY,SHIVA SHIVA | Lyrical | Kannada | KD | KVN Production | Prem's | AJ | Dhruva Sarja |Reeshma| Suprith,Anand Audio,2024-12-24 05:34:25+00:00,12216682,322028,4145,"['Shiva Shiva Song', 'Siva Siva Song', 'Shiva Shiva Lyrical Video', 'Shiva Shiva Video Song', 'KD Songs', 'Dhruva Sarja', 'KD The Devil', 'KD Movie Songs', ""Prem's"", 'Arjun Janya', 'Arjun Janya Latest Songs', 'Shiva Shiva', 'Kannada Latest Songs', 'Kailash Kher', 'Vijay Prakash Songs', 'Vijay Prakash', 'Latest Kannada Song', 'Kannada Movie Songs', 'Reeshma Nanaiah', 'shivane ninnata', 'Dhruva Sarja Latest Song', 'Dhruva Sarja Latest Movie', 'New Year Song', 'Kannada Songs 2025', '2025 Kannada Songs', 'kannada', 'KD']",15851462,0
7CETviRLXFk,Garena Free Fire RIP 1M Diamonds üíé For Number .0001,LOKESH GAMER,2024-12-26 14:36:33+00:00,533280,57606,2715,Unknown,1380840,1
9pHtygkRNuA,Our Paal Kaachal | Pearle Maaney | Srinish Aravind | Baby Nila & Nitara,Pearle Maaney,2024-12-25 05:41:25+00:00,1373976,38349,2132,"['pearle maaney', 'pearly', 'pearle maaney youtube channel', 'pearle maaney show', 'pearle maaney new video', 'nila pearle maaney', 'pearle maaney pregnancy', 'pearle maaney nila', 'pearly mani youtube channel', 'pearle maaney pregnant again', 'pearle maaney baby', 'pearle maaney funny moments', 'pearle pregnant', 'perley money youtube channel', 'nila pearle srinish', 'malayalam vlog', 'baby nitara', 'bigg boss malayalam', 'Pearlish home tour', 'new home']",1970666,1
-6fk3PXpznY,BB Ki Vines- | Din Hagna Da |,BB Ki Vines,2024-12-23 12:30:00+00:00,11644519,2295378,59527,"['india got latent', 'india got latent bb ki vines', 'bb ki vines india got latent', 'samay raina', 'new show', 'new video', 'bb ki vines', 'new episode', 'india got latent new episode', 'india got latent new video', 'india got latent bonus episode', 'india got latent deleted scenes', 'india got latent bhuvan bam', 'india got latent bhuvan', 'india got latent bhuvan bam episode', 'bhuvan bam india got latent', 'bhuvan india got latent', 'bhuvan bam in india got latent', 'samay raina and bhuvan bam', 'bhuvan bam']",40550999,2
3Te6rggFl-s,"Meem Se Mohabbat - Episode 04 [CC] 26th Dec 2024 - Spons By Food Panda, Master Paints, Skin White",HUM TV,2024-12-26 16:00:05+00:00,2843692,68659,1594,"['drama in hindi', 'drama', 'top pakistani drama', 'best pakistani drama', 'pakistani serial 2024', 'pakistani drama 2024 new', 'pakistani drama 2024 new episode', 'pakistani drama 2024 last episode', 'pakistani drama 2024 latest episode', 'pakistani drama new', 'pakistani dramas', 'Meem Se Mohabbat ep 04', 'Dananeer', 'Dananeer Mobeen', 'Meem Se Mohabbat Ep 04', 'Meem Se Mohabbat episode 04', 'Meem Se Mohabbat Episode 04', 'meem se muhabbat 04', 'meem se', 'muhabbat', 'meem se mohabbat episode 01', 'muhabbat gumshuda']",3689682,1
_jWr0q4ytUk,"#VIDEO | ‡§∂‡•Ä‡§§‡§≤‡§π‡§∞‡•Ä | #Khesari Lal Yadav, #Neha Raj | Sitalahari | Bhojpuri Hit Song 2024",Khesari Music World,2024-12-26 09:30:25+00:00,959679,103483,18639,"['Khesari Lal Yadav', 'khesari lal yadav song', 'khesari lal yadav new song 2025', 'khesari lal yadav ka song 2025', 'khesari lal new song', 'khesari lal yadav neha raj song 2025', 'khesari lal yadav hits', '‡§∂‡•Ä‡§§‡§≤‡§π‡§∞‡•Ä song', 'Sitalahari khesari lal yadav', 'Sitalahari song', 'Sitalahari', 'Sitalahari neha raj', 'khesari lal yadav neha raj song', 'khesari lal song 2025', 'khesari lal yadav new song', 'video', 'song', 'new', 'lagan song', 'lagan special', 'hit khesari lal', '‡§∂‡•Ä‡§§‡§≤‡§π‡§∞‡•Ä ‡§ñ‡•á‡§∏‡§æ‡§∞‡•Ä ‡§≤‡§æ‡§≤ ‡§Ø‡§æ‡§¶‡§µ', '‡§®‡•á‡§π‡§æ ‡§∞‡§æ‡§ú', '‡§∂‡•Ä‡§§‡§≤‡§π‡§∞‡•Ä']",3858409,1
VBas-WJxAgo,I TRIED FLIGHT SIMULATOR,TechShot,2024-12-25 03:30:11+00:00,2506734,88525,3494,"['flight simulator', 'unboxing', 'setup', 'gadgets', 'gaming', 'funny', 'cool', 'ujjwal', 'techno gamerz']",3741384,1
LF9BUXRqB64,Siragadikka Aasai | 25th to 28th December 2024 - Promo,Vijay Television,2024-12-25 04:30:15+00:00,3337003,68817,2003,"['Siragadikka Aasai', 'Star', 'Star Vijay TV', 'Vijay TV', 'Vijay', '‡Æ§‡ÆÆ‡Æø‡Æ¥‡Øç', '‡Æµ‡Æø‡Æú‡ÆØ‡Øç', '‡Æü‡Æø‡Æµ‡Æø', '‡Æ§‡Øä‡Æ≤‡Øà‡Æï‡Øç‡Æï‡Ææ‡Æü‡Øç‡Æö‡Æø', 'Tamil TV', 'Tamil Shows']",4225473,1
_9WRrUgeozo,Totka (‡§ü‡•ã‡§ü‡§ï‡§æ) | Sukki Dc | We Are One,We Are One,2024-12-25 12:30:33+00:00,395099,25468,1121,Unknown,761879,1
1mTNBQtoL-E,Cheap Song - Lyrical [Kannada] | #UITheMovie | Upendra |Ajaneesh B|Lahari Films|Venus Enterrtainers,Lahari Music | T-Series,2024-12-26 14:29:07+00:00,257010,19153,679,"['ui the movie', 'upendra new movie', 'upendra', 'upendra ui teaser', 'ui movie teaser', 'ui kannada movie', 'reshma nanaiya', 'upendra movie', 'ui kannada movie trailer', 'ui upendra movie telugu', 'ui teaser', 'ui new movie trailer', 'upendra telugu movie', 'upendra ui movie telugu', 'lahari music', 'lahari production', 'lahari films', 'ui movie kannada', 'cheap song', 'cheap video song', 'cheap song kannada', 'ui songs', 'ui movie songs', 'ui kannada movie songs', 'ui movie songs kannada', 'ui movie trailer']",516440,1
A-Jdrm9GEW4,"‡§™‡§Ç‡§ï‡§ú‡§æ ‡§Æ‡•Å‡§Ç‡§°‡•á, ‡§ß‡§®‡§Ç‡§ú‡§Ø ‡§Æ‡•Å‡§Ç‡§°‡•á ‡§Ø‡§æ‡§Ç‡§ö‡•ç‡§Ø‡§æ‡§∏‡•ã‡§¨‡§§ ‡§´‡•ã‡§ü‡•ã, ‡§ï‡§Æ‡§∞‡•á‡§≤‡§æ ‡§¨‡§Ç‡§¶‡•Ç‡§ï ‡§≤‡§æ‡§µ‡§£‡§æ‡§∞‡•á ‡§™‡§∞‡§≥‡•Ä‡§§‡§≤‡§æ Nikhil Kailas Phad ‡§ï‡•ã‡§£ ‡§Ü‡§π‡•á?",Mumbai Tak,2024-12-24 15:07:08+00:00,1283365,11168,1443,"['Mumbai Tak', 'Maharashtra politics', 'walmik karad vs santosh deshmukh', 'walmik karad', 'dhananjay munde', 'walmik anna karad', 'walmik karad news today', 'dhananjay munde walmik karad', 'walmik karad news', 'dhananjay munde valmik karad', 'valmik karad beed', 'valmik anna karad', 'walmik karad parli', 'beed valmik karad', 'walmik karad beed news', 'dhananjay munde on walmik karad', 'dhananjay munde news today', 'santosh deshmukh murder', 'nikhil phad', 'kailas phad', 'nikhil phad reel', 'nikhil phad viral video']",1539345,1
Bf_98y0K4Fo,Emirates Business Class Review | Diya Krishna | Ozy Talkies,Ozy Talkies,2024-12-26 12:16:04+00:00,342562,6968,287,Unknown,440942,1
UJzKMQ74eMY,Australia v India 2024-25 | Fourth Test | Day One,cricket.com.au,2024-12-26 07:48:45+00:00,7783550,132271,4694,"['cricket', 'cricket australia', 'cricket highlights', 'cricketcomau']",9575660,1
YAeUKyK71SM,Trying Egg + Air Compressor - ‡§ï‡•ç‡§Ø‡§æ ‡§è‡§ï ‡§Ö‡§Ç‡§°‡§æ ‡§à‡§Ç‡§ü ‡§ï‡•ã ‡§§‡•ã‡§°‡§º ‡§∏‡§ï‡§§‡§æ ‡§π‡•à ?...Egg Vs Brick | Day 4,MR. INDIAN HACKER Vlogs,2024-12-26 09:41:52+00:00,344395,28250,3354,Unknown,962295,1
g-qj3faYaEU,‡¥é‡¥Ç.‡¥ü‡¥ø‡¥Ø‡µÜ‡¥®‡µç‡¥® ‡¥Ö‡¥ö‡µç‡¥õ‡µª ‡¥ú‡µÄ‡¥µ‡¥ø‡¥§‡¥§‡µç‡¥§‡¥ø‡¥®‡µç ‡¥®‡µΩ‡¥ï‡¥ø‡¥Ø ‡¥™‡¥æ‡¥†‡¥ô‡µç‡¥ô‡µæ | MT Vasudevan Nair | Aswathy V Nair,truecopythink,2024-12-26 07:04:24+00:00,84142,514,124,"['Truecopythink', '‡¥ü‡µç‡¥∞‡µÇ‡¥ï‡µã‡¥™‡¥ø ‡¥§‡¥ø‡¥ô‡µç‡¥ï‡µç', 'mt vasudevan nair', 'm t vasudevan nair', 'mt vasudevan nair passed away', 'mt vasudevan nair movies', 'mt vasudevan nair latest breaking news', 'mt vasudevan nair death news', 'mt vasudevan nair news', 'mt vasudevan nair death', 'mt vasudevan nair film', 'mt vasudevan nair books', 'kerala mt vasudevan nair', 'mt vasudevan nair bulletin', 'tribute to mt vasudevan nair', 'author mt vasudevan nair dies', 'mt vasudevan nair health news', 'mt vasudevan nair health condition', '‡¥é‡¥Ç.‡¥ü‡¥ø']",101682,1
-h3NgBl0R6s,31st ‡∞¶‡∞æ‡∞µ‡∞§‡±ç | New Year | MyVillageshow | Gangavva | Anjimama | Chandu | VillageShowMix | 31st Dawath,Village Show - Mix,2024-12-25 04:28:12+00:00,594157,16235,336,"['My Village Show', 'Gangavva', 'Anjimama', 'Raju', 'My Village Show Vlogs', 'Anilgeela Vlogs', 'Kallivelli', 'My Village Show New Video', 'Maa Uri Mucchatlu', 'Village Comedy Video', 'Lambadipally', 'Bigboss Gangavva', 'My Village Show Venkat', 'My Village Show Srikanth', 'Srikanth Sriram', 'MVS', 'Maa Village Show', 'MVS Videos', 'Village Festival Comedy', 'MyVillageshow', 'MVS Raju', 'MVS Srikanth', 'Madhu', '31stDawath', 'Newyear', 'Chandu']",790107,1
X5qcdGxUW28,"Beast Reaction For Mr. Beast ft. Samay Raina, Vishal Dayama, Aishwarya Mohanraj & Kaustubh Agarwal",Prime Video India,2024-12-26 13:00:39+00:00,387029,15875,322,"['samay raina', 'samay raina comedy', 'samay funny', 'samay raina stand up comedy', 'samay raina new', 'samay raina live', 'samay raina roast', 'samay raina stand up', 'aishwarya mohanraj', 'aishwarya mohanraj stand up comedy', 'aishwarya mohanraj standup', 'vishal dayama', 'vishal dayama one liners', 'kaustubh agarwal', 'kaustubh aggarwal', 'kaustubh agarwal comedy', 'mr beast', 'beast games', 'latest on prime', 'amazon prime', 'prime video', 'prime video india', 'samay reacts', 'reaction video', 'beast games reaction']",577979,1
y_RBca_cKG0,ROY'S CATERING | EPISODE 01 | #jismavimal #malayalamfunnyvines #malayalamcomedy,JISMA & VIMAL,2024-12-23 11:58:54+00:00,1319635,47943,417,"['comedy', 'jsmavimal', 'malayalamcomedy', 'jismajiji', 'vimalkumar', 'vimal', 'fictioncomedy', 'fiction', 'comedyvideo', 'malayalammovie', 'aavesham', 'avesham', 'funnycontent', 'bestfriendscomedy', 'friendscomedy', 'theatreexperience', 'actioncomedy', 'malayalamcinema', 'southindiancinema', 'south movies', 'malayalam movie hits', 'favourites', 'actors', 'malayalam actors', 'moviebuffs', 'lovers', 'lovestory', 'cutelove', 'friendship', 'catering', 'cateringcomedy', 'cateringboys', 'keralacateringboys', 'events', 'birthdaycomedy', 'funnyvines', 'southindiancomedy', 'malayalammovies', 'vines', 'fun', 'laughter']",1840765,1
Rx0Z3ZlvzAo,S8UL Secret Santa: The Hidden GiftsüéÑ,S8UL,2024-12-25 16:39:05+00:00,544527,63627,1647,"['s8ul', '8bit', 'soul', 'mortal', 'thug', 'goldy', 'S8UL', 'Secret Santa', 'S8UL Secret Santa', 'Secret Santa Challenge', 'S8UL Creators', 'Holiday Challenge', 'Gift Exchange', 'Secret Santa Twist', 'Funny Gift Exchange', 'Christmas Challenge', 'S8UL Family', 'Epic Secret Santa', 'Holiday Fun', 'Joker S8UL', 'Secret Santa Gifts', 'Christmas 2024', 'S8UL Christmas Challenge', 'Crazy Gift Exchange', 'S8UL Video Ideas', 'Holiday Surprise']",1345497,1
a1sdcVFj7po,Parineetii UPDATE: Niti Fails to Stop Sanju‚Äôs Marriage with Pari; Mom‚Äôs Drama Erupts!,TellyTalkIndia,2024-12-26 08:56:00+00:00,334409,4284,99,"['parineeti', 'parineetii latest update', 'parineetii today episode', 'tanvi dogra', 'anchal sahu', 'ankur verma', 'parineet rajeev romance', 'parineetii all episodes', 'parineet wedding', 'rajeev neeti scenes', 'tanvi dogra latest', 'anchal sahu latest', 'ankur verma latest', 'parineetii spoilers', 'parineetii future story', 'telly talk', 'entertainment', 'serial gossips', 'serial update', 'neeti sanju', 'neeti first night', 'sanju', 'pari sanju mehendi ceremony', 'pari', 'pari neeti', 'pari aur sanju ka romance', 'tv news']",387149,1
H274LscsVgA,Finding iPhone in Trash - ‡§ï‡•Ç‡§°‡§º‡•á ‡§Æ‡•á‡§Ç ‡§Æ‡§ø‡§≤‡•Ä ‡§ï‡•Ä‡§Æ‡§§‡•Ä ‡§ö‡•Ä‡§ú‡§º‡•á‡§Çüî•,The Experiment TV,2024-12-26 13:29:56+00:00,418248,29543,965,"['the experiment tv', 'finding iPhone in trash', 'iPhone', 'smartphone in trash', 'can you find iPhone in trash', 'the experiment tv new video', 'challenge']",810178,1
5HdcnOLiyis,Trying Egg + Liquid Nitrogen - ‡§ï‡•ç‡§Ø‡§æ ‡§è‡§ï ‡§Ö‡§Ç‡§°‡§æ ‡§à‡§Ç‡§ü ‡§ï‡•ã ‡§§‡•ã‡§°‡§º ‡§∏‡§ï‡§§‡§æ ‡§π‡•à ?...Egg Vs Brick | Day 3,MR. INDIAN HACKER Vlogs,2024-12-25 10:20:29+00:00,580279,39746,2257,"['mr indian hacker', 'hacker new video', 'egg vs brick', 'hacker ki new video', 'indian ki video', 'vlogs', 'indian hacker vlogs', '‡§ï‡•ç‡§Ø‡§æ ‡§è‡§ï ‡§Ö‡§Ç‡§°‡§æ ‡§à‡§Ç‡§ü ‡§ï‡•ã ‡§§‡•ã‡§°‡§º ‡§∏‡§ï‡§§‡§æ ‡§π‡•à ?...Egg Vs Brick', 'mr indian hacker vlogs', 'new vlog', 'today vlog', 'new video', 'egg vs brick vlog', 'day 2', 'day 3']",1203439,1
9gETtkEvyHk,EXCLUSIVE: Kichcha Sudeep‚Äôs MAXclusive Interview With Anushree | Sandalwood | Anushree Anchor,Anushree Anchor,2024-12-23 12:39:06+00:00,1155535,64580,2089,"['Kiccha Sudeep', 'MAX Interview', 'Kiccha Sudeep Interview', 'Anushree Channel', 'Sudeep Interview With Anushree', 'Anushree interview with sudeep', 'Max reviews', 'Max audience review', 'Max Kairam Vashi review', 'Max Box office collection', 'Sudeep max review', 'Max trailer', 'Max sudeep trailer', 'Max Sudeep Trailer review', 'Anushree anchor', 'Anchor anushree', 'anushree anchor', 'anushree anchor channel', 'anushree anchor interview', 'anushree anchor youtube', 'kannada movie', 'anushree interview', 'movies']",2010235,1
uKJBSPFz0QE,‡¥™‡µç‡¥∞‡¥§‡µÄ‡¥ï‡µç‡¥∑‡¥Ø‡µÅ‡¥ü‡µÜ ‡¥≠‡¥æ‡¥∞‡¥Ç'‡¥∏‡µç ‡¥á‡¥≤‡µç‡¥≤‡¥æ‡¥§‡µÜ | Barroz 3D - Guardian of Treasures Review | Unni Vlogs Cinephile,Unni Vlogs Cinephile,2024-12-25 09:18:36+00:00,229826,3879,599,"['unni vlogs', 'unnivlogs', 'unnivlog', 'unni vlogs cinephile', 'unni vlogs review', 'unni vlogs worth watch', 'malayalam review', 'barroz review', 'barroz', 'barroz review malayalam', 'barroz theatre response', 'barroz movie review', 'barroz song', 'barroz review unni vlogs', 'barroz unni vlogs', 'barroz mohanlal', 'mohanlal unni vlogs', 'mohanlal barroz', 'barroz 3d review', 'barroz 3d movie review', 'barroz malayalam review', 'barroz malayalam theatre response', 'barroz malayalam movie', 'unni vlogs bad boys review']",328516,1
BkIY6tWnRNE,Bigg Boss Tamil Season 8 | 26th December 2024 - Promo 2,Vijay Television,2024-12-26 06:30:06+00:00,1510872,45066,1916,"['biggboss', 'tamil', 'vijay television', 'starvijay', 'VijaySethupathi', '‡Æ§‡ÆÆ‡Æø‡Æ¥‡Øç', '‡Æµ‡Æø‡Æú‡ÆØ‡Øç ‡Æü‡Æø‡Æµ‡Æø', '‡Æ§‡Øä‡Æ≤‡Øà‡Æï‡Øç‡Æï‡Ææ‡Æü‡Øç‡Æö‡Æø', 'Tamil TV', 'Tamil Shows', 'Redefining Entertainment', 'Star', 'Star Vijay TV', 'Vijay TV', 'hotstar', 'Kamal Haasan', 'Bigg Boss', 'Bigg Boss Tamil 8', '‡Æ™‡Æø‡Æï‡Øç‡Æ™‡Ææ‡Æ∏‡Øç', '‡Æ™‡Æø‡Æï‡Øç‡Æ™‡Ææ‡Æ∏‡Øç 8', 'Bigg Boss Season 8', 'Teaser', 'VJStheBBhost']",2153132,1
eDR7ZJiWavw,Bhide ‡§®‡•á ‡§°‡§æ‡§≤‡§æ Dr. Hathi ‡§™‡•á ‡§¨‡§æ‡§≤‡•ç‡§ü‡•Ä ‡§≠‡§∞ ‡§™‡§æ‡§®‡•Ä | Taarak Mehta Ka Ooltah Chashmah | New Year Countdown,Sony PAL,2024-12-24 12:30:39+00:00,465577,3172,115,"['‡§§‡§æ‡§∞‡§ï ‡§Æ‡•á‡§π‡§§‡§æ', 'Ooltah Chashmah', 'taarak mehta latest episodes', 'taarak mehta ka ooltah chashmah', 'hindi comedy show', 'taarak new episode', 'ulta chashma', 'tarak mehta ka ultah chashma', 'taarak mehta episode', 'TMKOC latest episode', 'taark mehta new episodes', 'TMKOC new taarak mehta', 'dilip joshi', 'dilip joshi jethalal', 'TMKOC funny episodes', 'hindi comedy', '‡™§‡™æ‡™∞‡™ï ‡™Æ‡™π‡´á‡™§‡™æ ‡™ï‡™æ ‡™â‡™≤‡´ç‡™ü‡™æ ‡™ö‡™∂‡´ç‡™Æ‡™æ', 'Bhide comedy', 'old episode tmkoc', 'funnyvideos 2024', 'TMKOC comedy pal', 'TMKOC', 'palshow', 'New Year Countdown 2025']",508797,1
LDRdSdMzd3s,Chinni Lyric Video | Daaku Maharaaj | Nandamuri Balakrishna | Anantha Sriram | Bobby Kolli |Thaman S,Aditya Music,2024-12-23 13:59:02+00:00,2242237,72113,3205,"['Chinni', 'Chinni Song', 'Chinni Lyrical Video', 'Chinni Song Daaku Maharaaj', 'Daaku Maharaaj', 'Daaku Maharaaj Movie', 'Daaku Maharaaj Songs', 'Daaku Maharaaj Trailer', 'Nandamuri Balakrishna', 'Balakrishna New Movie', 'Balakrishna Songs', 'Balakrishna', 'Jai Balayya', 'Bobby Deol', 'Pragya Jaiswal', 'Shraddha Srinath', 'Bobby Kolli Movies', 'Bobby Kolli', 'Thaman Songs', 'Vishal Mishra Songs', 'Thaman s', 'Telugu Songs', 'Latest Telugu Songs', 'Telugu Songs New', 'Telugu Songs 2024', 'Telugu Melody Songs', 'Songs Telugu']",3283867,1
j47hzU8YuAY,NEW! Taarak Mehta Ka Ooltah Chashmah | Ep 4278 | 26 Dec 2024 | Teaser,Sony SAB,2024-12-26 15:30:27+00:00,1922853,37996,835,"['Nitish Bhaluni', '‡§§‡§æ‡§∞‡§ï ‡§Æ‡•á‡§π‡§§‡§æ', 'Ooltah Chashmah', 'sab tv channel', 'taarak mehta latest episodes', 'taarak mehta ka ooltah chashmah', 'hindi comedy show', 'sab tv funny show', 'taarak new episode', 'ulta chashma', 'tarak mehta ka ultah chashma', 'taarak mehta episode', 'tmkoc todays episode', 'taark mehta new episodes', 'tmkoc teaser today', 'tmkoc new taarak mehta', 'dilip joshi', 'dilip joshi jethalal', 'tmkoc funny episode', 'tmkoc', 'tmkoc episode 4278', 'taarak mehta ka ooltah chashma teaser episode 4278']",2386313,1
85kRPMf1Lac,‡¶∏‡ßç‡¶¨‡¶æ‡¶Æ‡ßÄ‡¶ï ‡¶π‡ßá‡ß∞‡ßÅ‡ß±‡¶æ‡ß∞ ‡¶™‡¶ø‡¶õ‡¶§‡ßá‡¶á ‡¶ó‡ßÅ‡ß±‡¶æ‡¶π‡¶æ‡¶ü‡ßÄ‡¶≤‡ßà ‡¶Ü‡¶π‡¶ø‡¶õ‡¶ø‡¶≤ ‡¶Æ‡ßå‡¶ö‡ßÅ‡¶Æ‡ßÄ‡•§,DY365,2024-12-26 12:05:48+00:00,136739,1155,129,"['assamese news live', 'assamese news channel', 'assamese news pratidin time', 'assamese news nrc', 'assamese news paper', 'assamese news video', 'assamese news dy365', 'assamese news all channel', 'assameseweekendvlog', 'pathsala rakh dimpu video', 'dimpus vlog gangtok', 'dimpus vlog chennai', 'technical guruji unboxing', 'technical guruji giveaway', 'assamese vlog video', 'meenakshi gogoi goa vlog', 'meenakshi gogoi blog', 'assamese news nrc', 'assamese news new']",161189,1
i2tKJF4p8Hg,"‡§õ‡•ã‡§°‡§º‡•ã ‡§ó‡§æ‡§ú‡§∞ ‡§ï‡§æ ‡§π‡§≤‡§µ‡§æ‡§Ç - ‡§Ö‡§¨ ‡§Ø‡•á ‡§¨‡§®‡§æ‡§ï‡•á ‡§¶‡•á‡§ñ‡•ã, ‡§∏‡§∞‡•ç‡§¶‡•Ä ‡§Æ‡•á‡§Ç ‡§ï‡§ü‡•ã‡§∞‡•Ä‡§Ø‡§æ‡§Ç ‡§ö‡§æ‡§ü-‡§ö‡§æ‡§ü ‡§ï‡•á ‡§ñ‡§æ‡§Ø‡•á‡§Ç‡§ó‡•á ‡§î‡§∞ ‡§®‡§π‡•Ä ‡§¨‡§®‡§æ‡§à ‡§§‡•ã ‡§™‡§õ‡§§‡§æ‡§ì‡§ó‡•á",bharatzkitchen HINDI,2024-12-25 09:25:35+00:00,328328,4401,219,"['gajar ki kheer recipe', 'how to make gajar ki kheer in hindi', 'how to make gajar ki kheer in urdu']",394238,1
jZnnpXkRZns,New Ghar Ki Shopping üòç,Sourav Joshi Vlogs,2024-12-26 02:30:22+00:00,4052315,211289,5150,"['sourav joshi', 'sourav joshi vlogs', 'family vlogs', 'daily vlogs', 'piyush joshi', 'piyush joshi vlogs', 'sourav joshi arts', 'vlogs', 'family vlog', 'KUNALI', 'KUNALI JOSHI', 'KUNALI JOSHI VLOGS', 'kunali', 'kunali vlogs', 'kunali vlog', 'kunali k toys', 'thailand vlog', 'thailand pohoch gye']",6680205,1
Kv-UbXg8ICo,‡Æá‡Æ§‡ØÅ ‡Æ®‡Ææ‡Æ©‡Øç ‡Æí‡Æ§‡Øç‡Æ§‡ØÅ‡Æï‡Øç‡Æï ‡ÆÆ‡Ææ‡Æü‡Øç‡Æü‡Øá‡Æ©‡Øç..! | Themmangu Paattukaaran Movie Scene | Ramarajan | Aamani | JSK,JSK Prime Media,2024-12-25 14:30:09+00:00,79282,327,7,"['JSK Audio', 'JSK', 'JSK Prime Media', 'JSK Film Corporation', 'full tamil movie', 'tamil full movies', 'tamil cinema', 'tamil comedy movies', 'old tamil', 'tamil old movie', 'old tamil movie online', 'super old tamil film', 'hit old tamil film', 'Themmangu Paattukaaran movie', 'Themmangu Paattukaaran movie comedy', 'Themmangu Paattukaaran movie songs', 'Themmangu Paattukaaran movie video songs', 'Themmangu Paattukaaran full movie', 'Themmangu Paattukaaran', 'Themmangu Paattukaaranmovie scenes']",83252,1
DFrGzGXHgq8,A Boy Made Me Shy and Then THIS Happened.. Birthday ‚úàÔ∏èVlog 1,Pragati Verma Shorts,2024-12-25 05:56:21+00:00,641165,13569,3289,"['Pragati Verma', 'Pragati Verma shorts', 'Pragati verma new vlog', 'Pragati verma birthday', 'Pragati verma birthday party', 'Prakriti berma', 'New challenge', 'Doraemon challenge', 'Shinchan challenge', 'Dalgona canfy', 'Pancake', 'Pancake video', 'Superpower video', 'New video', 'New vlog today', 'Pragti', 'Verma', 'Girl new vlog', 'Blog', 'Blogs', 'New vlog']",1105755,1
mIQlPDkEMr0,‡∞Æ‡∞æ‡∞ï‡±Å ‡∞™‡±Å‡∞ü‡±ç‡∞ü‡∞ø‡∞Ç‡∞¶‡∞ø Baby Boy Or Baby Girl ‡∞é‡∞µ‡∞∞‡±Å ?,StellaRaj 777,2024-12-25 14:00:45+00:00,586209,11757,820,"['Yadamma Raju', 'Stella raj', '‡∞é‡∞µ‡∞∞‡±Å ‡∞™‡±Å‡∞ü‡±ç‡∞ü‡∞æ‡∞∞‡±Å', 'Baby boys', 'Baby girl', 'My pregnancy kid', 'My kid', 'Boy or girl', 'Stella delivery kid revel', 'My baby revel', 'Delivery details', 'Emotional', 'Love', 'My wife happy', 'Happens', 'Funny', 'Comedy', 'Husband wife happens', 'Love on baby', 'My baby']",785779,1
yPLqfzxoIjY,Mahanadhi | 25th to 27th December 2024 - Promo,Vijay Television,2024-12-25 04:30:25+00:00,2387599,48190,936,"['Mahanadhi', 'Star', 'Star Vijay TV', 'Vijay TV', 'Vijay', '‡Æ§‡ÆÆ‡Æø‡Æ¥‡Øç', '‡Æµ‡Æø‡Æú‡ÆØ‡Øç', '‡Æü‡Æø‡Æµ‡Æø', '‡Æ§‡Øä‡Æ≤‡Øà‡Æï‡Øç‡Æï‡Ææ‡Æü‡Øç‡Æö‡Æø', 'Tamil TV', 'Tamil Shows']",2963099,1
jgUtOlged-c,Max - Official Trailer | Kichcha Sudeep | B Ajaneesh Loknath | Vijay Kartikeyaa,Saregama Kannada,2024-12-22 16:04:16+00:00,3868908,259230,7575,"['Max', 'Max trailer', 'Max movie trailer', 'Max Kannada trailer', 'Max movie', 'Max movies', 'Max Kannada movie', 'Kichcha Sudeep', 'Sudeep movies', 'Sudeep Kannada movie', 'B Ajaneesh Loknath', 'Ajaneesh Loknath movies', 'Kichcha Sudeep Max', 'Max hero Kichcha Sudeep', 'trending Kannada movies', 'Kannada trending hits', 'Max Kannada movies', 'Ajaneesh Loknath Kannada', 'Sandalwood movies', 'latest Kannada movies', 'Sudeep new movie', 'Kannada trending movies', 'Max movie songs', 'B Ajaneesh Max.']",7218708,1
9vOi2ommxe8,Don't Sleep At 3AM on Christmas | Evil Santa üò∞,Tyro Gaming,2024-12-24 13:10:51+00:00,529166,10611,647,"[""Don't Sleep At 3 AM | Evil Santa Claus üò∞"", 'harshtatsuya', 'Funny Game', 'junkeyy', 'epic depic', 'Shivang mini', 'Shinchan game', 'Doraemon Game', 'Nobita Game', 'Shinchan in hindi', 'Green Gaming', 'Gaming with Demon', 'Shinchan Gaming', 'Frostbite Gaming', 'Epic Playz', 'VeryNuclear', 'Rock Indian Gamer', 'Amaan-T', 'Flight Gamer', 'Hindustani gamer Loggy', 'Proboiz', 'Tyro Gaming', 'Proboii', 'Taro gaming', 'funny Game Gta 5', 'Santa Claus', 'Gta 5 Christmas', 'Christmas Special Video', 'Santa Claus Christmas', 'evil Santa']",699976,1
L_GNTZZt3tM,"Garena Free Fire RIP 2,50,000 Diamonds For Number .0007",LOKESH GAMER,2024-12-24 12:27:39+00:00,754509,75912,3480,Unknown,1861629,1
krWSxxxo3L0,NEW! Taarak Mehta Ka Ooltah Chashmah | Ep 4277 | 25 Dec 2024 | Teaser,Sony SAB,2024-12-25 15:30:23+00:00,2792920,44590,977,"['Nitish Bhaluni', '‡§§‡§æ‡§∞‡§ï ‡§Æ‡•á‡§π‡§§‡§æ', 'Ooltah Chashmah', 'sab tv channel', 'taarak mehta latest episodes', 'taarak mehta ka ooltah chashmah', 'hindi comedy show', 'sab tv funny show', 'taarak new episode', 'ulta chashma', 'tarak mehta ka ultah chashma', 'taarak mehta episode', 'tmkoc todays episode', 'taark mehta new episodes', 'tmkoc teaser today', 'tmkoc new taarak mehta', 'dilip joshi', 'dilip joshi jethalal', 'tmkoc funny episode', 'tmkoc', 'tmkoc episode 4277', 'taarak mehta ka ooltah chashma teaser episode 4277']",3336520,1
54E9PUXtrF4,SHINCHAN AND FRANKLIN GOT AMAZING CHRISTMAS GIFTS FROM SANTA CLAUS IN GTA 5,Yippi Gaming,2024-12-25 04:15:01+00:00,179734,3887,74,"['GTA 5', 'GTA V', 'GTA 5 GAMEPLAY HINDI', 'GTA 5 ROBBERY', 'gta 5 hindi gameplay', 'gta 5', 'gta 5 shinchan', 'gta 5 frostbite', 'shichan and franklin gta 5 space parkour', 'shin chan cartoon gta 5', 'gta 5 shin chan', 'shin chan gta 5 gameplay', 'shin chan franklin parkour challenge', 'parkour challenge gta 5', 'yippi gaming', 'yippi', 'yippie', 'yippi new video', 'yippi gaming new video', 'yippi games', 'Yippi gaming Christmas', 'yippi gaming santa', 'yippi gaming santa christmas', 'yippi santa']",226004,1
fTY09vO6HCw,Anaganaga Oka Raju - Pre Wedding Teaser Promo | Naveen Polishetty | S Naga Vamsi,Sithara Entertainments,2024-12-25 05:43:36+00:00,451917,13282,171,['Sithara Entertainments'],601837,1
0ZD-EpBgJv0,1 Rupee for Every 1 Calorie You Eat,Arjun MP Shorts,2024-12-24 07:30:00+00:00,339547,17092,625,"['Giving money malayalam', 'helping people', 'making people happy']",572967,1
_qC4mq13crc,Fateh | Official Trailer l Sonu Sood | Jacqueline Fernandez | In Cinemas 10th January,Zee Studios,2024-12-23 09:58:06+00:00,23291668,144430,7180,"['Zee Studios', 'Bollywood Cinema', 'Hindi Cinema', 'Bollywood movie', 'Latest bollywood movie', 'upcoming bollywood movie', 'Promo', 'Trailer', 'Teaser', 'zee', 'entertainment', 'popular', 'famous', 'superhit', 'Blockbuster movie']",25453968,0
BIzd5cMnP6w,Chandni-Ragini : The bold sisters! | Ep.160 | Latest | Dil Ko Tumse Pyaar Hua | Mon-Sun | 7PM,StarPlus,2024-12-25 05:45:00+00:00,1366225,17040,178,"['dil', 'tumse', 'pyaar', 'love', 'dilkotumsepyaarhua', 'romance', 'deepika', 'dr.chirag', 'beauty', 'charming', 'exclusive', 'bestmoments', 'best scenes', 'todays episode', 'tonight', 'drama', 'dil ko tumse pyaar hua star plus', 'dil ko tumse pyaar hua full episode', 'dil ko tumse pyaar hua promo', 'dil ko tumse pyaar hua cast', 'dil ko tumse pyaar hua story', 'dil ko tumse pyaar hua upcoming twist', 'dil ko tumse pyaar hua plot', 'dktph romance', 'serial', 'show', 'entertainment', 'latest', 'family drama', 'trp', 'youtube trending', 'precap', 'recap', 'kal dekhiye']",1554425,1
